,Sc2F3⁻P-3m1,Sc2F3⁻P-6m2,Sc2F3⁻Pmmn,Sc2F3⁻P1,Sc2Cl3⁻P-3m1,Sc2Cl3⁻P-6m2,Sc2Cl3⁻Pmmn,Sc2Cl3⁻P1,Ti2F3⁻P-3m1,Ti2F3⁻P-6m2,Ti2F3⁻Pmmn,Ti2F3⁻P1,Ti2Cl3⁻P-3m1,Ti2Cl3⁻P-6m2,Ti2Cl3⁻Pmmn,Ti2Cl3⁻P1,ScF2⁻P-3m1,ScF2⁻P-6m2,ScF2⁻Pmmn,ScF2⁻P1,ScCl2⁻P-3m1,ScCl2⁻P-6m2,ScCl2⁻Pmmn,ScCl2⁻P1,TiF2⁻P-3m1,TiF2⁻P-6m2,TiF2⁻Pmmn,TiF2⁻P1,TiCl2⁻P-3m1,TiCl2⁻P-6m2,TiCl2⁻Pmmn,TiCl2⁻P1,Sc2F2⁻P-3m1,Sc2F2⁻P-6m2,Sc2F2⁻Pmmn,Sc2F2⁻P1,Sc2Cl2⁻P-3m1,Sc2Cl2⁻P-6m2,Sc2Cl2⁻Pmmn,Sc2Cl2⁻P1,Ti2F2⁻P-3m1,Ti2F2⁻P-6m2,Ti2F2⁻Pmmn,Ti2F2⁻P1,Ti2Cl2⁻P-3m1,Ti2Cl2⁻P-6m2,Ti2Cl2⁻Pmmn,Ti2Cl2⁻P1
0,0.21830299606335835,0.21830299606335835,0.21830299606335835,0.21830299606335835,0.6852147339703143,0.6852147339703143,0.6581107146492985,0.6581107146492985,0.31076618120562793,0.31076618120562793,0.31076618120562793,0.31076618120562793,0.49317069885715376,0.49317069885715376,0.466066679536138,0.466066679536138,0.28268243265443493,0.28268243265443493,0.28268243265443493,0.28268243265443493,0.46332747405406016,0.46332747405406016,0.4362234547330444,0.4362234547330444,0.5216616376838118,0.5216616376838118,0.5216616376838118,0.5216616376838118,0.6121689512989712,0.6121689512989712,0.5802064998818746,0.5802064998818746,0.2331111708056441,0.2331111708056441,0.2331111708056441,0.2331111708056441,0.17310659179603555,0.17310659179603555,0.17310659179603555,0.17310659179603555,0.1599157937828177,0.1599157937828177,0.1599157937828177,0.1599157937828177,0.1819647024428911,0.1819647024428911,0.1819647024428911,0.1819647024428911
